variant,python_overall,non_live_ast,live_ast,hallucination_avoidance,simple_python,multiple,parallel,parallel_multiple,irrelevance,live_simple,live_multiple,live_parallel,live_parallel_multiple,live_irrelevance,live_relevance,n
base_qwen3-8b_bf16,83.19,93.56,79.27,78.56,94.75,96.5,94.0,89.0,86.67,83.33,78.44,81.25,70.83,76.36,75.0,3491
dora_r16_bf16,83.19,92.19,74.69,84.79,95.75,94.5,95.0,83.5,90.83,78.68,74.17,75.0,54.17,83.14,81.25,3491
full_bf16,82.78,92.56,77.28,79.89,96.75,93.5,93.0,87.0,87.92,79.84,76.92,81.25,62.5,77.71,87.5,3491
lora_r16_bf16,83.07,92.62,76.39,81.85,97.0,94.5,95.0,84.0,90.0,80.62,75.5,81.25,66.67,79.64,81.25,3491
lora_r16_fp8,83.27,92.44,75.94,83.1,97.25,94.0,96.0,82.5,90.0,79.84,75.5,68.75,58.33,81.22,81.25,3491
lora_r16_fp8_kvfp8,83.1,92.19,74.54,84.61,96.25,94.0,95.5,83.0,90.83,77.91,74.36,75.0,45.83,82.92,81.25,3491
lora_r16_w4a16,82.87,92.75,76.83,80.6,97.0,93.0,94.5,86.5,87.92,81.01,75.69,87.5,75.0,78.62,81.25,3491
lora_r64_bf16,83.21,92.19,75.87,83.36,96.75,94.5,95.0,82.5,90.42,80.23,75.21,81.25,54.17,81.45,75.0,3491
qlora_r16_bf16,84.36,92.44,75.65,87.01,96.25,92.5,95.5,85.5,91.25,77.13,75.69,75.0,58.33,85.86,81.25,3491
